Row ID,Order ID,Order Date,Ship Date,Ship Mode,Customer ID,Customer Name,Segment,Country,City,State,Postal Code,Region,Product ID,Category,Sub-Category,Product Name,Sales,Year,Month,Month_Name,Quarter,Week,Day,Day_Name,Season,Anomaly,Z_Score
28,US-2016-150630,2016-09-17,2016-09-21,Standard Class,TB-21520,Tracy Blumstein,Consumer,United States,Philadelphia,Pennsylvania,19140.0,East,FUR-BO-10004834,Furniture,Bookcases,"Riverside Palais Royal Lawyers Bookcase, Royale Cherry Finish",3083.43,2016,9,September,3,37,17,Saturday,Autumn,Anomaly,4.552458246996713
166,CA-2015-139892,2015-09-08,2015-09-12,Standard Class,BM-11140,Becky Martin,Consumer,United States,San Antonio,Texas,78207.0,Central,TEC-MA-10000822,Technology,Machines,Lexmark MX611dhe Monochrome Laser Printer,8159.952,2015,9,September,3,37,8,Tuesday,Autumn,Anomaly,12.653895791333428
252,CA-2017-145625,2017-09-11,2017-09-17,Standard Class,KC-16540,Kelly Collister,Consumer,United States,San Diego,California,92037.0,West,TEC-AC-10003832,Technology,Accessories,Logitech P710e Mobile Speakerphone,3347.37,2017,9,September,3,37,11,Monday,Autumn,Anomaly,4.9736705308107565
263,US-2015-106992,2015-09-19,2015-09-21,Second Class,SB-20290,Sean Braxton,Corporate,United States,Houston,Texas,77036.0,Central,TEC-MA-10000822,Technology,Machines,Lexmark MX611dhe Monochrome Laser Printer,3059.982,2015,9,September,3,38,19,Saturday,Autumn,Anomaly,4.515038433285751
264,US-2015-106992,2015-09-19,2015-09-21,Second Class,SB-20290,Sean Braxton,Corporate,United States,Houston,Texas,77036.0,Central,TEC-MA-10003353,Technology,Machines,Xerox WorkCentre 6505DN Laser Multifunction Printer,2519.958,2015,9,September,3,38,19,Saturday,Autumn,Anomaly,3.6532336960182104
319,CA-2015-164973,2015-11-04,2015-11-09,Standard Class,NM-18445,Nathan Mautz,Home Office,United States,New York City,New York,10024.0,East,TEC-MA-10002927,Technology,Machines,Canon imageCLASS MF7460 Monochrome Digital Laser Multifunction Copier,3991.98,2015,11,November,4,45,4,Wednesday,Autumn,Anomaly,6.002380276470263
354,CA-2017-129714,2017-09-01,2017-09-03,First Class,AB-10060,Adam Bellavance,Home Office,United States,New York City,New York,10009.0,East,OFF-BI-10004995,Office Supplies,Binders,GBC DocuBind P400 Electric Binding System,4355.168,2017,9,September,3,35,1,Friday,Autumn,Anomaly,6.581978847864725
400,CA-2017-108987,2017-09-08,2017-09-10,Second Class,AG-10675,Anna Gayman,Consumer,United States,Houston,Texas,77036.0,Central,FUR-BO-10004834,Furniture,Bookcases,"Riverside Palais Royal Lawyers Bookcase, Royale Cherry Finish",2396.2656,2017,9,September,3,36,8,Friday,Autumn,Anomaly,3.4558374760650388
488,CA-2015-154627,2015-10-29,2015-10-31,First Class,SA-20830,Sue Ann Reed,Consumer,United States,Chicago,Illinois,60610.0,Central,TEC-PH-10001363,Technology,Phones,Apple iPhone 5S,2735.952,2015,10,October,4,44,29,Thursday,Autumn,Anomaly,3.9979306954503935
510,CA-2016-145352,2016-03-16,2016-03-22,Standard Class,CM-12385,Christopher Martinez,Consumer,United States,Atlanta,Georgia,30318.0,South,OFF-BI-10003527,Office Supplies,Binders,Fellowes PB500 Electric Punch Plastic Comb Binding Machine with Manual Bind,6354.95,2016,3,March,1,11,16,Wednesday,Spring,Anomaly,9.773358492292301
516,CA-2018-127432,2018-01-22,2018-01-27,Standard Class,AD-10180,Alan Dominguez,Home Office,United States,Great Falls,Montana,59405.0,West,TEC-CO-10003236,Technology,Copiers,Canon Image Class D660 Copier,2999.95,2018,1,January,1,4,22,Monday,Winter,Anomaly,4.419235539363175
684,US-2018-168116,2018-11-04,2018-11-04,Same Day,GT-14635,Grant Thornton,Corporate,United States,Burlington,North Carolina,27217.0,South,TEC-MA-10004125,Technology,Machines,Cubify CubeX 3D Printer Triple Head Print,7999.98,2018,11,November,4,44,4,Sunday,Autumn,Anomaly,12.398602272100646
978,CA-2018-159366,2018-01-07,2018-01-10,First Class,BW-11110,Bart Watters,Corporate,United States,Detroit,Michigan,48205.0,Central,TEC-MA-10000822,Technology,Machines,Lexmark MX611dhe Monochrome Laser Printer,3059.982,2018,1,January,1,1,7,Sunday,Winter,Anomaly,4.515038433285751
995,CA-2015-117639,2015-05-21,2015-05-25,Standard Class,MW-18235,Mitch Willingham,Corporate,United States,Virginia Beach,Virginia,23464.0,South,OFF-BI-10003925,Office Supplies,Binders,Fellowes PB300 Plastic Comb Binding Machine,2715.93,2015,5,May,2,21,21,Thursday,Spring,Anomaly,3.9659783110201254
1002,CA-2016-124891,2016-07-31,2016-07-31,Same Day,RH-19495,Rick Hansen,Consumer,United States,New York City,New York,10024.0,East,TEC-AC-10003033,Technology,Accessories,Plantronics CS510 - Over-the-Head monaural Wireless Headset System,2309.65,2016,7,July,3,30,31,Sunday,Summer,Anomaly,3.3176107779900077
1086,US-2017-143819,2017-03-01,2017-03-05,Standard Class,KD-16270,Karen Daniels,Consumer,United States,Yonkers,New York,10701.0,East,TEC-MA-10003979,Technology,Machines,Ativa V4110MDD Micro-Cut Shredder,4899.93,2017,3,March,1,9,1,Wednesday,Spring,Anomaly,7.451344787680993
1156,CA-2015-136567,2015-12-20,2015-12-21,First Class,PS-19045,Penelope Sewall,Home Office,United States,Harrisonburg,Virginia,22801.0,South,FUR-TA-10001932,Furniture,Tables,"Chromcraft 48"" x 96"" Racetrack Double Pedestal Table",2244.48,2015,12,December,4,51,20,Sunday,Winter,Anomaly,3.2136083360101595
1247,CA-2015-168494,2015-12-12,2015-12-14,Second Class,NP-18700,Nora Preis,Consumer,United States,Fresno,California,93727.0,West,FUR-TA-10003473,Furniture,Tables,Bretford Rectangular Conference Table Tops,3610.848,2015,12,December,4,50,12,Saturday,Winter,Anomaly,5.394145525562429
1439,CA-2016-139731,2016-10-15,2016-10-15,Same Day,JE-15745,Joel Eaton,Consumer,United States,Amarillo,Texas,79109.0,Central,FUR-CH-10002024,Furniture,Chairs,HON 5400 Series Task Chairs for Big and Tall,2453.43,2016,10,October,4,41,15,Saturday,Autumn,Anomaly,3.5470640710368477
1455,CA-2017-133711,2017-11-26,2017-11-29,First Class,MC-17425,Mark Cousins,Corporate,United States,Mobile,Alabama,36608.0,South,TEC-MA-10000010,Technology,Machines,Hewlett-Packard Deskjet 3050a All-in-One Color Inkjet Printer,3040.0,2017,11,November,4,47,26,Sunday,Autumn,Anomaly,4.4831498834063375
1645,CA-2016-111829,2016-03-19,2016-03-20,First Class,FH-14365,Fred Hopkins,Corporate,United States,Seattle,Washington,98115.0,West,TEC-CO-10001766,Technology,Copiers,Canon PC940 Copier,3149.93,2016,3,March,1,11,19,Saturday,Spring,Anomaly,4.658583187792478
1792,CA-2015-120474,2015-12-01,2015-12-03,First Class,RP-19390,Resi Pölking,Consumer,United States,Madison,Wisconsin,53711.0,Central,FUR-CH-10001854,Furniture,Chairs,Office Star - Professional Matrix Back Chair with 2-to-1 Synchro Tilt and Mesh Fabric Seat,2807.84,2015,12,December,4,49,1,Tuesday,Winter,Anomaly,4.112654150246271
1804,CA-2018-158379,2018-09-22,2018-09-26,Second Class,JA-15970,Joseph Airdo,Consumer,United States,Philadelphia,Pennsylvania,19134.0,East,OFF-SU-10002881,Office Supplies,Supplies,Martin Yale Chadless Opener Electric Letter Opener,4663.736,2018,9,September,3,38,22,Saturday,Autumn,Anomaly,7.07441134006724
1806,US-2017-116729,2017-12-25,2017-12-28,First Class,GK-14620,Grace Kelly,Corporate,United States,Los Angeles,California,90049.0,West,TEC-PH-10002200,Technology,Phones,Samsung Galaxy Note 2,2575.944,2017,12,December,4,52,25,Monday,Winter,Anomaly,3.7425797251218436
2183,CA-2017-128818,2017-05-07,2017-05-11,Standard Class,CJ-12010,Caroline Jumper,Consumer,United States,New York City,New York,10009.0,East,TEC-MA-10000488,Technology,Machines,Bady BDG101FRU Card Printer,3999.95,2017,5,May,2,18,7,Sunday,Spring,Anomaly,6.015099310728041
2419,CA-2017-107202,2017-05-21,2017-05-28,Standard Class,LC-16930,Linda Cazamias,Corporate,United States,Sparks,Nevada,89431.0,West,TEC-MA-10000112,Technology,Machines,Panasonic KX MB2061 Multifunction Printer,2396.4,2017,5,May,2,20,21,Sunday,Spring,Anomaly,3.45605196015591
2493,CA-2015-144624,2015-11-19,2015-11-23,Standard Class,JM-15865,John Murray,Consumer,United States,Jamestown,New York,14701.0,East,TEC-PH-10002885,Technology,Phones,Apple iPhone 5,4548.81,2015,11,November,4,47,19,Thursday,Autumn,Anomaly,6.8910051002793615
2506,CA-2015-143917,2015-07-25,2015-07-27,Second Class,KL-16645,Ken Lonsdale,Consumer,United States,San Francisco,California,94122.0,West,OFF-SU-10000151,Office Supplies,Supplies,High Speed Automatic Electric Letter Opener,8187.65,2015,7,July,3,30,25,Saturday,Summer,Anomaly,12.69809802607269
2568,CA-2018-123967,2018-11-01,2018-11-03,Second Class,SF-20200,Sarah Foster,Consumer,United States,Bellingham,Washington,98226.0,West,FUR-TA-10003954,Furniture,Tables,Hon 94000 Series Round Tables,2665.62,2018,11,November,4,44,1,Thursday,Autumn,Anomaly,3.885690404682759
2624,CA-2018-127180,2018-10-22,2018-10-24,First Class,TA-21385,Tom Ashbrook,Home Office,United States,New York City,New York,10024.0,East,TEC-CO-10004722,Technology,Copiers,Canon imageCLASS 2200 Advanced Copier,11199.968,2018,10,October,4,43,22,Monday,Autumn,Anomaly,17.505347190102963
2625,CA-2018-127180,2018-10-22,2018-10-24,First Class,TA-21385,Tom Ashbrook,Home Office,United States,New York City,New York,10024.0,East,TEC-PH-10001494,Technology,Phones,Polycom CX600 IP Phone VoIP phone,2399.6,2018,10,October,4,43,22,Monday,Autumn,Anomaly,3.461158724224277
2698,CA-2015-145317,2015-03-18,2015-03-23,Standard Class,SM-20320,Sean Miller,Home Office,United States,Jacksonville,Florida,32216.0,South,TEC-MA-10002412,Technology,Machines,Cisco TelePresence System EX90 Videoconferencing Unit,22638.48,2015,3,March,1,12,18,Wednesday,Spring,Anomaly,35.75965408922524
2849,CA-2018-157854,2018-04-08,2018-04-15,Standard Class,DM-13345,Denise Monton,Corporate,United States,Roswell,Georgia,30076.0,South,OFF-BI-10001359,Office Supplies,Binders,GBC DocuBind TL300 Electric Binding System,2690.97,2018,4,April,2,14,8,Sunday,Spring,Anomaly,3.9261455512868584
3012,CA-2018-134845,2018-04-17,2018-04-23,Standard Class,SR-20425,Sharelle Roach,Home Office,United States,Louisville,Colorado,80027.0,West,TEC-MA-10000822,Technology,Machines,Lexmark MX611dhe Monochrome Laser Printer,2549.985,2018,4,April,2,16,17,Tuesday,Spring,Anomaly,3.701152697480983
3056,US-2016-100377,2016-08-28,2016-09-01,Standard Class,TS-21370,Todd Sumrall,Corporate,United States,Chicago,Illinois,60623.0,Central,TEC-CO-10001046,Technology,Copiers,Canon Imageclass D680 Copier / Fax,2799.96,2016,8,August,3,34,28,Sunday,Summer,Anomaly,4.100078743727916
3071,CA-2015-119375,2015-11-17,2015-11-22,Standard Class,YC-21895,Yoseph Carroll,Corporate,United States,Newark,Delaware,19711.0,East,OFF-ST-10002011,Office Supplies,Storage,Smead Adjustable Mobile File Trolley with Lockable Top,2934.33,2015,11,November,4,47,17,Tuesday,Autumn,Anomaly,4.314514958686212
3274,CA-2018-133865,2018-05-08,2018-05-12,Standard Class,PS-19045,Penelope Sewall,Home Office,United States,Los Angeles,California,90032.0,West,TEC-CO-10001046,Technology,Copiers,Canon Imageclass D680 Copier / Fax,3359.952,2018,5,May,2,19,8,Tuesday,Spring,Anomaly,4.99374968878207
3281,CA-2015-102988,2015-04-05,2015-04-09,Second Class,GM-14695,Greg Maxwell,Corporate,United States,Alexandria,Virginia,22304.0,South,OFF-SU-10002881,Office Supplies,Supplies,Martin Yale Chadless Opener Electric Letter Opener,4164.05,2015,4,April,2,14,5,Sunday,Spring,Anomaly,6.276980555609016
3444,CA-2018-168858,2018-11-19,2018-11-23,Standard Class,JD-16150,Justin Deggeller,Corporate,United States,New York City,New York,10011.0,East,OFF-AP-10003849,Office Supplies,Appliances,Hoover Shoulder Vac Commercial Portable Vacuum,2504.74,2018,11,November,4,47,19,Monday,Autumn,Anomaly,3.628947841145579
3570,CA-2018-168109,2018-07-03,2018-07-03,Same Day,JK-15640,Jim Kriz,Home Office,United States,Seattle,Washington,98105.0,West,TEC-MA-10001148,Technology,Machines,Okidata MB491 Multifunction Printer,2395.2,2018,7,July,3,27,3,Tuesday,Summer,Anomaly,3.454136923630272
3581,CA-2017-104157,2017-07-25,2017-07-29,Standard Class,MT-17815,Meg Tillman,Consumer,United States,Jackson,Mississippi,39212.0,South,FUR-TA-10004915,Furniture,Tables,"Office Impressions End Table, 20-1/2""H x 24""W x 20""D",2430.08,2017,7,July,3,30,25,Tuesday,Summer,Anomaly,3.5098006519754783
3984,CA-2017-135265,2017-07-07,2017-07-09,Second Class,CC-12370,Christopher Conant,Consumer,United States,Los Angeles,California,90045.0,West,TEC-CO-10003763,Technology,Copiers,Canon PC1060 Personal Laser Copier,2799.96,2017,7,July,3,27,7,Friday,Summer,Anomaly,4.100078743727916
3987,CA-2018-112333,2018-04-08,2018-04-14,Standard Class,KF-16285,Karen Ferguson,Home Office,United States,Plainfield,New Jersey,7060.0,East,OFF-ST-10001780,Office Supplies,Storage,Tennsco 16-Compartment Lockers with Coat Rack,2591.56,2018,4,April,2,14,8,Sunday,Spring,Anomaly,3.767500733775477
4094,CA-2016-102491,2016-08-24,2016-08-28,Standard Class,KW-16435,Katrina Willman,Consumer,United States,Florence,Kentucky,41042.0,South,TEC-MA-10000864,Technology,Machines,Cisco 9971 IP Video Phone Charcoal,3080.0,2016,8,August,3,34,24,Wednesday,Summer,Anomaly,4.546984434260932
4099,CA-2015-116904,2015-09-23,2015-09-28,Standard Class,SC-20095,Sanjit Chand,Consumer,United States,Minneapolis,Minnesota,55407.0,Central,OFF-BI-10001120,Office Supplies,Binders,Ibico EPK-21 Electric Binding System,9449.95,2015,9,September,3,39,23,Wednesday,Autumn,Anomaly,14.712556864666563
4129,CA-2015-127299,2015-09-19,2015-09-24,Standard Class,JL-15835,John Lee,Consumer,United States,Charlotte,North Carolina,28205.0,South,TEC-MA-10001127,Technology,Machines,"HP Designjet T520 Inkjet Large Format Printer - 24"" Color",2624.985,2015,9,September,3,38,19,Saturday,Autumn,Anomaly,3.820842480333348
4191,CA-2018-166709,2018-11-17,2018-11-22,Standard Class,HL-15040,Hunter Lopez,Consumer,United States,Newark,Delaware,19711.0,East,TEC-CO-10004722,Technology,Copiers,Canon imageCLASS 2200 Advanced Copier,10499.97,2018,11,November,4,46,17,Saturday,Autumn,Anomaly,16.3882457418751
4219,CA-2018-149881,2018-04-01,2018-04-03,First Class,NC-18535,Nick Crebassa,Corporate,United States,San Francisco,California,94110.0,West,TEC-MA-10000418,Technology,Machines,Cubify CubeX 3D Printer Double Head Print,4799.984,2018,4,April,2,13,1,Sunday,Spring,Anomaly,7.2918445871881605
4278,US-2017-107440,2017-04-16,2017-04-20,Standard Class,BS-11365,Bill Shonely,Corporate,United States,Lakewood,New Jersey,8701.0,East,TEC-MA-10001047,Technology,Machines,"3D Systems Cube Printer, 2nd Generation, Magenta",9099.93,2017,4,April,2,15,16,Sunday,Spring,Anomaly,14.153972627413433
4298,CA-2018-129021,2018-08-23,2018-08-26,Second Class,PO-18850,Patrick O'Brill,Consumer,United States,Tallahassee,Florida,32303.0,South,TEC-PH-10001459,Technology,Phones,Samsung Galaxy Mega 6.3,4367.896,2018,8,August,3,34,23,Thursday,Summer,Anomaly,6.602291001946657
4620,CA-2018-145219,2018-12-24,2018-12-25,First Class,RM-19675,Robert Marley,Home Office,United States,Los Angeles,California,90049.0,West,TEC-CO-10001449,Technology,Copiers,Hewlett Packard LaserJet 3310 Copier,2879.952,2018,12,December,4,52,24,Monday,Winter,Anomaly,4.227735078526934
4866,CA-2018-122490,2018-11-13,2018-11-18,Standard Class,TT-21070,Ted Trevino,Consumer,United States,Seattle,Washington,98103.0,West,FUR-CH-10001215,Furniture,Chairs,Global Troy Executive Leather Low-Back Tilter,2404.704,2018,11,November,4,46,13,Tuesday,Autumn,Anomaly,3.469304012913324
4882,CA-2018-143567,2018-11-02,2018-11-05,Second Class,TB-21175,Thomas Boland,Corporate,United States,Henderson,Kentucky,42420.0,South,TEC-AC-10004145,Technology,Accessories,Logitech diNovo Edge Keyboard,2249.91,2018,11,November,4,44,2,Friday,Autumn,Anomaly,3.2222738762886705
5007,CA-2016-169796,2016-11-09,2016-11-14,Standard Class,Dp-13240,Dean percer,Home Office,United States,New York City,New York,10035.0,East,TEC-MA-10000045,Technology,Machines,Zebra ZM400 Thermal Label Printer,2321.9,2016,11,November,4,45,9,Wednesday,Autumn,Anomaly,3.3371601091892273
5127,CA-2015-160766,2015-09-14,2015-09-14,Same Day,DM-13015,Darrin Martin,Consumer,United States,New York City,New York,10009.0,East,TEC-MA-10003979,Technology,Machines,Ativa V4110MDD Micro-Cut Shredder,2799.96,2015,9,September,3,38,14,Monday,Autumn,Anomaly,4.100078743727916
5171,CA-2017-122903,2017-05-27,2017-05-29,Second Class,LA-16780,Laura Armstrong,Corporate,United States,Detroit,Michigan,48205.0,Central,FUR-CH-10002024,Furniture,Chairs,HON 5400 Series Task Chairs for Big and Tall,3504.9,2017,5,May,2,21,27,Saturday,Spring,Anomaly,5.225066950713864
5199,CA-2017-103982,2017-03-03,2017-03-08,Standard Class,AA-10315,Alex Avila,Consumer,United States,Round Rock,Texas,78664.0,Central,OFF-SU-10000151,Office Supplies,Supplies,High Speed Automatic Electric Letter Opener,3930.072,2017,3,March,1,9,3,Friday,Spring,Anomaly,5.9035835421126075
5301,CA-2017-113831,2017-05-30,2017-06-03,Standard Class,AH-10690,Anna Häberlin,Corporate,United States,Springfield,Virginia,22153.0,South,FUR-TA-10002645,Furniture,Tables,Hon Rectangular Conference Tables,2275.5,2017,5,May,2,22,30,Tuesday,Spring,Anomaly,3.2631120301978975
5321,US-2018-162558,2018-10-02,2018-10-05,First Class,Dp-13240,Dean percer,Home Office,United States,Knoxville,Tennessee,37918.0,South,FUR-TA-10000198,Furniture,Tables,Chromcraft Bull-Nose Wood Oval Conference Tables & Bases,2314.116,2018,10,October,4,40,2,Tuesday,Autumn,Anomaly,3.324737905592923
5531,CA-2018-160885,2018-12-02,2018-12-06,Standard Class,JK-16090,Juliana Krohn,Consumer,United States,Omaha,Nebraska,68104.0,Central,TEC-PH-10001795,Technology,Phones,ClearOne CHATAttach 160 - speaker phone,2479.96,2018,12,December,4,48,2,Sunday,Winter,Anomaly,3.5894023368911583
5563,CA-2018-133263,2018-03-31,2018-04-02,Second Class,JE-15610,Jim Epp,Corporate,United States,Atlanta,Georgia,30318.0,South,TEC-CO-10001449,Technology,Copiers,Hewlett Packard LaserJet 3310 Copier,2999.95,2018,3,March,1,13,31,Saturday,Spring,Anomaly,4.419235539363175
5627,CA-2015-126683,2015-09-29,2015-10-01,Second Class,PP-18955,Paul Prost,Home Office,United States,Seattle,Washington,98115.0,West,FUR-TA-10002958,Furniture,Tables,"Bevis Oval Conference Table, Walnut",2348.82,2015,9,September,3,40,29,Tuesday,Autumn,Anomaly,3.3801207619143696
5711,US-2016-160857,2016-05-08,2016-05-15,Standard Class,NW-18400,Natalie Webber,Consumer,United States,New York City,New York,10024.0,East,TEC-CO-10004115,Technology,Copiers,Sharp AL-1530CS Digital Copier,2799.944,2016,5,May,2,18,8,Sunday,Spring,Anomaly,4.100053209907573
5885,CA-2017-136301,2017-03-13,2017-03-15,Second Class,EH-13765,Edward Hooks,Corporate,United States,San Francisco,California,94109.0,West,OFF-SU-10000151,Office Supplies,Supplies,High Speed Automatic Electric Letter Opener,4912.59,2017,3,March,1,11,13,Monday,Spring,Anomaly,7.471548423026473
5918,US-2016-126977,2016-09-17,2016-09-23,Standard Class,PF-19120,Peter Fuller,Consumer,United States,New York City,New York,10035.0,East,FUR-BO-10004834,Furniture,Bookcases,"Riverside Palais Royal Lawyers Bookcase, Royale Cherry Finish",4228.704,2016,9,September,3,37,17,Saturday,Autumn,Anomaly,6.380159531882839
5991,US-2018-163300,2018-09-15,2018-09-21,Standard Class,ES-14020,Erica Smith,Consumer,United States,Los Angeles,California,90049.0,West,OFF-BI-10004390,Office Supplies,Binders,GBC DocuBind 200 Manual Binding Machine,2357.488,2018,9,September,3,37,15,Saturday,Autumn,Anomaly,3.3939537090845597
6011,CA-2016-135580,2016-12-30,2017-01-03,Standard Class,CL-12565,Clay Ludtke,Consumer,United States,Los Angeles,California,90049.0,West,TEC-MA-10004002,Technology,Machines,Zebra GX420t Direct Thermal/Thermal Transfer Printer,2548.56,2016,12,December,4,52,30,Friday,Winter,Anomaly,3.6988785916067877
6015,CA-2017-159016,2017-03-10,2017-03-11,First Class,KF-16285,Karen Ferguson,Home Office,United States,Los Angeles,California,90008.0,West,TEC-PH-10002885,Technology,Phones,Apple iPhone 5,4158.912,2017,3,March,1,10,10,Friday,Spring,Anomaly,6.268781007551744
6100,CA-2018-100111,2018-09-20,2018-09-26,Standard Class,SV-20365,Seth Vernon,Consumer,United States,New York City,New York,10035.0,East,FUR-CH-10004086,Furniture,Chairs,Hon 4070 Series Pagoda Armless Upholstered Stacking Chairs,2888.127,2018,9,September,3,38,20,Thursday,Autumn,Anomaly,4.240781264857842
6102,CA-2018-100111,2018-09-20,2018-09-26,Standard Class,SV-20365,Seth Vernon,Consumer,United States,New York City,New York,10035.0,East,FUR-CH-10001215,Furniture,Chairs,Global Troy Executive Leather Low-Back Tilter,2254.41,2018,9,September,3,38,20,Thursday,Autumn,Anomaly,3.2294552632598124
6117,US-2017-113677,2017-11-13,2017-11-19,Standard Class,CM-12655,Corinna Mitchell,Home Office,United States,New York City,New York,10011.0,East,TEC-PH-10002114,Technology,Phones,Xiaomi Mi3,2279.96,2017,11,November,4,46,13,Monday,Autumn,Anomaly,3.270229582618185
6210,CA-2018-119809,2018-08-18,2018-08-25,Standard Class,YS-21880,Yana Sorensen,Corporate,United States,Seattle,Washington,98103.0,West,OFF-BI-10003925,Office Supplies,Binders,Fellowes PB300 Plastic Comb Binding Machine,2793.528,2018,8,August,3,33,18,Saturday,Summer,Anomaly,4.089814147950496
6341,CA-2018-143112,2018-10-05,2018-10-09,Standard Class,TS-21370,Todd Sumrall,Corporate,United States,New York City,New York,10035.0,East,TEC-MA-10001047,Technology,Machines,"3D Systems Cube Printer, 2nd Generation, Magenta",5199.96,2018,10,October,4,40,5,Friday,Autumn,Anomaly,7.930151795003594
6426,CA-2017-143714,2017-05-23,2017-05-27,Standard Class,CC-12370,Christopher Conant,Consumer,United States,Philadelphia,Pennsylvania,19120.0,East,TEC-CO-10004722,Technology,Copiers,Canon imageCLASS 2200 Advanced Copier,8399.976,2017,5,May,2,21,23,Tuesday,Spring,Anomaly,13.036941397191509
6521,CA-2018-138289,2018-01-16,2018-01-18,Second Class,AR-10540,Andy Reiter,Consumer,United States,Jackson,Michigan,49201.0,Central,OFF-BI-10004995,Office Supplies,Binders,GBC DocuBind P400 Electric Binding System,5443.96,2018,1,January,1,3,16,Tuesday,Winter,Anomaly,8.319542555216621
6535,CA-2015-128209,2015-11-17,2015-11-22,Standard Class,GT-14710,Greg Tran,Consumer,United States,Buffalo,New York,14215.0,East,OFF-BI-10001359,Office Supplies,Binders,GBC DocuBind TL300 Electric Binding System,2152.776,2015,11,November,4,47,17,Tuesday,Autumn,Anomaly,3.0672612447209153
6536,CA-2015-128209,2015-11-17,2015-11-22,Standard Class,GT-14710,Greg Tran,Consumer,United States,Buffalo,New York,14215.0,East,FUR-BO-10002213,Furniture,Bookcases,DMI Eclipse Executive Suite Bookcases,4007.84,2015,11,November,4,47,17,Tuesday,Autumn,Anomaly,6.02769067588411
6621,US-2018-167402,2018-01-13,2018-01-18,Second Class,CP-12085,Cathy Prescott,Corporate,United States,Springfield,Missouri,65807.0,Central,OFF-SU-10002881,Office Supplies,Supplies,Martin Yale Chadless Opener Electric Letter Opener,4164.05,2018,1,January,1,2,13,Saturday,Winter,Anomaly,6.276980555609016
6627,CA-2015-145541,2015-12-14,2015-12-21,Standard Class,TB-21400,Tom Boeckenhauer,Consumer,United States,New York City,New York,10024.0,East,TEC-MA-10001127,Technology,Machines,"HP Designjet T520 Inkjet Large Format Printer - 24"" Color",6999.96,2015,12,December,4,51,14,Monday,Winter,Anomaly,10.802706583460353
6818,CA-2015-144414,2015-06-17,2015-06-21,Standard Class,GH-14425,Gary Hwang,Consumer,United States,Seattle,Washington,98105.0,West,OFF-BI-10004995,Office Supplies,Binders,GBC DocuBind P400 Electric Binding System,3266.376,2015,6,June,2,25,17,Wednesday,Summer,Anomaly,4.844415140512831
6827,CA-2017-118689,2017-10-02,2017-10-09,Standard Class,TC-20980,Tamara Chand,Corporate,United States,Lafayette,Indiana,47905.0,Central,TEC-CO-10004722,Technology,Copiers,Canon imageCLASS 2200 Advanced Copier,17499.95,2017,10,October,4,40,2,Monday,Autumn,Anomaly,27.559260224153736
6869,US-2017-126452,2017-08-21,2017-08-28,Standard Class,SC-20230,Scot Coram,Corporate,United States,Los Angeles,California,90004.0,West,FUR-TA-10003569,Furniture,Tables,Bretford CR8500 Series Meeting Room Furniture,2887.056,2017,8,August,3,34,21,Monday,Summer,Anomaly,4.2390720947587095
6885,CA-2016-120677,2016-05-31,2016-06-04,Standard Class,BD-11320,Bill Donatelli,Consumer,United States,Minneapolis,Minnesota,55407.0,Central,FUR-CH-10002320,Furniture,Chairs,Hon Pagoda Stacking Chairs,2567.84,2016,5,May,2,22,31,Tuesday,Spring,Anomaly,3.729646845118703
6902,US-2018-135013,2018-07-24,2018-07-24,Same Day,HR-14830,Harold Ryan,Corporate,United States,Huntington Beach,California,92646.0,West,TEC-CO-10001449,Technology,Copiers,Hewlett Packard LaserJet 3310 Copier,2399.96,2018,7,July,3,30,24,Tuesday,Summer,Anomaly,3.4617332351819687
7174,US-2018-141677,2018-03-26,2018-03-30,Standard Class,HK-14890,Heather Kirkland,Corporate,United States,Houston,Texas,77070.0,Central,TEC-CO-10002313,Technology,Copiers,Canon PC1080F Personal Copier,2399.96,2018,3,March,1,13,26,Monday,Spring,Anomaly,3.4617332351819687
7244,CA-2018-118892,2018-08-17,2018-08-22,Second Class,TP-21415,Tom Prescott,Consumer,United States,Philadelphia,Pennsylvania,19134.0,East,FUR-CH-10002024,Furniture,Chairs,HON 5400 Series Task Chairs for Big and Tall,4416.174,2018,8,August,3,33,17,Friday,Summer,Anomaly,6.679336113100611
7281,CA-2016-162782,2016-02-21,2016-02-27,Standard Class,PW-19240,Pierre Wener,Consumer,United States,Columbia,Maryland,21044.0,East,OFF-BI-10003527,Office Supplies,Binders,Fellowes PB500 Electric Punch Plastic Comb Binding Machine with Manual Bind,2541.98,2016,2,February,1,7,21,Sunday,Winter,Anomaly,3.6883778079912073
7475,CA-2015-167199,2015-01-06,2015-01-10,Standard Class,ME-17320,Maria Etezadi,Home Office,United States,Henderson,Kentucky,42420.0,South,FUR-CH-10004063,Furniture,Chairs,Global Deluxe High-Back Manager's Chair,2573.82,2015,1,January,1,2,6,Tuesday,Winter,Anomaly,3.7391901104714647
7488,US-2016-134558,2016-12-19,2016-12-24,Second Class,PM-19135,Peter McVee,Home Office,United States,Dover,New Hampshire,3820.0,East,TEC-AC-10004145,Technology,Accessories,Logitech diNovo Edge Keyboard,2249.91,2016,12,December,4,51,19,Monday,Winter,Anomaly,3.2222738762886705
7580,CA-2016-123113,2016-11-23,2016-11-27,Second Class,AT-10735,Annie Thurman,Consumer,United States,Morristown,New Jersey,7960.0,East,OFF-AP-10000275,Office Supplies,Appliances,"Sanyo Counter Height Refrigerator with Crisper, 3.6 Cubic Foot, Stainless Steel/Black",2625.12,2016,11,November,4,47,23,Wednesday,Autumn,Anomaly,3.821057921942482
7584,CA-2015-163223,2015-03-21,2015-03-25,Standard Class,KH-16690,Kristen Hastings,Corporate,United States,Springfield,Virginia,22153.0,South,TEC-PH-10000730,Technology,Phones,Samsung Galaxy S4 Active,3499.93,2015,3,March,1,12,21,Saturday,Spring,Anomaly,5.21713550777018
7667,US-2017-140158,2017-10-04,2017-10-08,Standard Class,DR-12940,Daniel Raglin,Home Office,United States,Providence,Rhode Island,2908.0,East,TEC-CO-10001449,Technology,Copiers,Hewlett Packard LaserJet 3310 Copier,5399.91,2017,10,October,4,40,4,Wednesday,Autumn,Anomaly,8.249244756087998
7684,CA-2016-120782,2016-04-28,2016-05-01,First Class,SD-20485,Shirley Daniels,Home Office,United States,Midland,Michigan,48640.0,Central,OFF-BI-10003527,Office Supplies,Binders,Fellowes PB500 Electric Punch Plastic Comb Binding Machine with Manual Bind,3812.97,2016,4,April,2,17,28,Thursday,Spring,Anomaly,5.716704702758238
7773,CA-2017-108196,2017-11-25,2017-12-02,Standard Class,CS-12505,Cindy Stewart,Consumer,United States,Lancaster,Ohio,43130.0,East,TEC-MA-10000418,Technology,Machines,Cubify CubeX 3D Printer Double Head Print,4499.985,2017,11,November,4,47,25,Saturday,Autumn,Anomaly,6.813087051642471
7819,CA-2017-138478,2017-10-21,2017-10-26,Second Class,DP-13390,Dennis Pardue,Home Office,United States,North Las Vegas,Nevada,89031.0,West,OFF-BI-10001120,Office Supplies,Binders,Ibico EPK-21 Electric Binding System,4535.976,2017,10,October,4,42,21,Saturday,Autumn,Anomaly,6.870523784637664
7915,CA-2018-165323,2018-06-17,2018-06-21,Standard Class,SR-20740,Steven Roelle,Home Office,United States,New York City,New York,10024.0,East,TEC-MA-10003673,Technology,Machines,Hewlett-Packard Desktjet 6988DT Refurbished Printer,3404.5,2018,6,June,2,24,17,Sunday,Summer,Anomaly,5.064842228068832
7938,CA-2018-166093,2018-08-17,2018-08-24,Standard Class,RW-19540,Rick Wilson,Corporate,United States,Brentwood,California,94513.0,West,OFF-AP-10001058,Office Supplies,Appliances,Sanyo 2.5 Cubic Foot Mid-Size Office Refrigerators,2518.29,2018,8,August,3,33,17,Friday,Summer,Anomaly,3.6505717952475734
8101,CA-2017-169663,2017-03-10,2017-03-13,First Class,RH-19510,Rick Huthwaite,Home Office,United States,Los Angeles,California,90045.0,West,TEC-MA-10000984,Technology,Machines,Okidata MB760 Printer,3357.6,2017,3,March,1,10,10,Friday,Spring,Anomaly,4.989996217191819
8103,CA-2016-149846,2016-05-22,2016-05-26,Standard Class,SB-20185,Sarah Brown,Consumer,United States,Los Angeles,California,90045.0,West,TEC-MA-10004002,Technology,Machines,Zebra GX420t Direct Thermal/Thermal Transfer Printer,2973.32,2016,5,May,2,20,22,Sunday,Spring,Anomaly,4.376737687131729
8154,CA-2018-140151,2018-03-23,2018-03-25,First Class,RB-19360,Raymond Buch,Consumer,United States,Seattle,Washington,98115.0,West,TEC-CO-10004722,Technology,Copiers,Canon imageCLASS 2200 Advanced Copier,13999.96,2018,3,March,1,12,23,Friday,Spring,Anomaly,21.973752983014418
8205,CA-2016-114811,2016-11-08,2016-11-08,Same Day,KD-16495,Keith Dawkins,Corporate,United States,New York City,New York,10024.0,East,TEC-MA-10000045,Technology,Machines,Zebra ZM400 Thermal Label Printer,4643.8,2016,11,November,4,45,8,Tuesday,Autumn,Anomaly,7.04259619992131
8237,CA-2018-102204,2018-05-01,2018-05-06,Standard Class,CJ-12010,Caroline Jumper,Consumer,United States,Jacksonville,Florida,32216.0,South,FUR-CH-10002024,Furniture,Chairs,HON 5400 Series Task Chairs for Big and Tall,2803.92,2018,5,May,2,18,1,Tuesday,Spring,Anomaly,4.10639836426252
8272,CA-2017-169670,2017-12-25,2017-12-31,Standard Class,JE-15715,Joe Elijah,Consumer,United States,New York City,New York,10009.0,East,FUR-CH-10002331,Furniture,Chairs,Hon 4700 Series Mobuis Mid-Back Task Chairs with Adjustable Arms,2563.056,2017,12,December,4,52,25,Monday,Winter,Anomaly,3.722012232836493
8313,US-2018-105935,2018-01-26,2018-01-31,Standard Class,BD-11500,Bradley Drucker,Consumer,United States,Columbus,Georgia,31907.0,South,TEC-PH-10001459,Technology,Phones,Samsung Galaxy Mega 6.3,2939.93,2018,1,January,1,4,26,Friday,Winter,Anomaly,4.323451795805855
8425,CA-2018-150091,2018-10-12,2018-10-16,Standard Class,NP-18670,Nora Paige,Consumer,United States,Lakewood,New Jersey,8701.0,East,FUR-BO-10003404,Furniture,Bookcases,"Global Adaptabilites Bookcase, Cherry/Storm Gray Finish",2154.9,2018,10,October,4,41,12,Friday,Autumn,Anomaly,3.0706508593712947
8469,US-2017-164196,2017-11-11,2017-11-17,Standard Class,AS-10285,Alejandro Savely,Corporate,United States,Noblesville,Indiana,46060.0,Central,FUR-TA-10001950,Furniture,Tables,Balt Solid Wood Round Tables,2678.94,2017,11,November,4,45,11,Saturday,Autumn,Anomaly,3.906947310117339
8489,CA-2017-158841,2017-02-02,2017-02-04,Second Class,SE-20110,Sanjit Engle,Consumer,United States,Arlington,Virginia,22204.0,South,TEC-MA-10001127,Technology,Machines,"HP Designjet T520 Inkjet Large Format Printer - 24"" Color",8749.95,2017,2,February,1,5,2,Thursday,Winter,Anomaly,13.595452224711156
8700,CA-2018-119284,2018-06-15,2018-06-20,Standard Class,TS-21205,Thomas Seio,Corporate,United States,Nashville,Tennessee,37211.0,South,TEC-PH-10000560,Technology,Phones,Samsung Galaxy S III - 16GB - pebble blue (T-Mobile),2239.936,2018,6,June,2,24,15,Friday,Summer,Anomaly,3.2063567310330776
8750,US-2016-163825,2016-06-16,2016-06-19,First Class,LC-16885,Lena Creighton,Consumer,United States,New York City,New York,10009.0,East,OFF-BI-10003527,Office Supplies,Binders,Fellowes PB500 Electric Punch Plastic Comb Binding Machine with Manual Bind,3050.376,2016,6,June,2,24,16,Thursday,Summer,Anomaly,4.49970856589802
8859,CA-2018-135909,2018-10-13,2018-10-20,Standard Class,JW-15220,Jane Waco,Corporate,United States,Sacramento,California,95823.0,West,OFF-BI-10003527,Office Supplies,Binders,Fellowes PB500 Electric Punch Plastic Comb Binding Machine with Manual Bind,5083.96,2018,10,October,4,41,13,Saturday,Autumn,Anomaly,7.745031597525269
8893,CA-2016-111038,2016-12-01,2016-12-06,Standard Class,LC-16960,Lindsay Castell,Home Office,United States,San Diego,California,92037.0,West,FUR-CH-10003973,Furniture,Chairs,GuestStacker Chair with Chrome Finish Legs,2676.672,2016,12,December,4,48,1,Thursday,Winter,Anomaly,3.9033278910838836
8991,US-2016-128587,2016-12-24,2016-12-30,Standard Class,HM-14860,Harry Marie,Corporate,United States,Springfield,Missouri,65807.0,Central,TEC-CO-10003763,Technology,Copiers,Canon PC1060 Personal Laser Copier,4899.93,2016,12,December,4,51,24,Saturday,Winter,Anomaly,7.451344787680993
9040,CA-2017-117121,2017-12-17,2017-12-21,Standard Class,AB-10105,Adrian Barton,Consumer,United States,Detroit,Michigan,48205.0,Central,OFF-BI-10000545,Office Supplies,Binders,GBC Ibimaster 500 Manual ProClick Binding System,9892.74,2017,12,December,4,50,17,Sunday,Winter,Anomaly,15.419189383989211
9057,CA-2016-160227,2016-11-02,2016-11-04,First Class,ED-13885,Emily Ducich,Home Office,United States,New York City,New York,10011.0,East,FUR-CH-10002073,Furniture,Chairs,Hon Olson Stacker Chairs,2621.322,2016,11,November,4,44,2,Wednesday,Autumn,Anomaly,3.8149968313388385
9166,CA-2017-100300,2017-06-24,2017-06-26,Second Class,MJ-17740,Max Jones,Consumer,United States,San Diego,California,92037.0,West,TEC-MA-10000984,Technology,Machines,Okidata MB760 Printer,4476.8,2017,6,June,2,25,24,Saturday,Summer,Anomaly,6.776086950103378
9271,US-2018-102183,2018-08-21,2018-08-28,Standard Class,PK-19075,Pete Kriz,Consumer,United States,New York City,New York,10035.0,East,OFF-BI-10001359,Office Supplies,Binders,GBC DocuBind TL300 Electric Binding System,4305.552,2018,8,August,3,34,21,Tuesday,Summer,Anomaly,6.502798470984686
9413,CA-2016-164777,2016-01-27,2016-01-29,First Class,SC-20305,Sean Christensen,Consumer,United States,Los Angeles,California,90036.0,West,FUR-CH-10002024,Furniture,Chairs,HON 5400 Series Task Chairs for Big and Tall,2803.92,2016,1,January,1,4,27,Wednesday,Winter,Anomaly,4.10639836426252
9426,CA-2015-116246,2015-09-12,2015-09-17,Second Class,LW-17215,Luke Weiss,Consumer,United States,New York City,New York,10035.0,East,FUR-CH-10002024,Furniture,Chairs,HON 5400 Series Task Chairs for Big and Tall,3785.292,2015,9,September,3,37,12,Saturday,Autumn,Anomaly,5.6725343852944015
9640,CA-2016-116638,2016-01-28,2016-01-31,Second Class,JH-15985,Joseph Holt,Consumer,United States,Concord,North Carolina,28027.0,South,FUR-TA-10000198,Furniture,Tables,Chromcraft Bull-Nose Wood Oval Conference Tables & Bases,4297.644,2016,1,January,1,4,28,Thursday,Winter,Anomaly,6.490178380280734
9650,CA-2017-107104,2017-11-26,2017-11-30,Standard Class,MS-17365,Maribeth Schnelling,Consumer,United States,Los Angeles,California,90045.0,West,FUR-BO-10002213,Furniture,Bookcases,DMI Eclipse Executive Suite Bookcases,3406.664,2017,11,November,4,47,26,Sunday,Autumn,Anomaly,5.068295677270066
9661,CA-2017-160717,2017-06-06,2017-06-11,Standard Class,ME-17320,Maria Etezadi,Home Office,United States,Santa Barbara,California,93101.0,West,TEC-PH-10001459,Technology,Phones,Samsung Galaxy Mega 6.3,3023.928,2017,6,June,2,23,6,Tuesday,Summer,Anomaly,4.457501160872962
9742,CA-2016-117086,2016-11-08,2016-11-12,Standard Class,QJ-19255,Quincy Jones,Corporate,United States,Burlington,Vermont,,East,FUR-BO-10004834,Furniture,Bookcases,"Riverside Palais Royal Lawyers Bookcase, Royale Cherry Finish",4404.9,2016,11,November,4,45,8,Tuesday,Autumn,Anomaly,6.6613443449422425
9775,CA-2015-169019,2015-07-26,2015-07-30,Standard Class,LF-17185,Luke Foster,Consumer,United States,San Antonio,Texas,78207.0,Central,OFF-BI-10004995,Office Supplies,Binders,GBC DocuBind P400 Electric Binding System,2177.584,2015,7,July,3,30,26,Sunday,Summer,Anomaly,3.106851433160935
